source,target,context
+ 1 555 000 0000,+ 1 555 000 0000,
30 days,30 ថ្ងៃ,
7 days,7 ថ្ងៃ,
90 days,90 ថ្ងៃ,
Acme Corp,Acme Corp,
Active,សកម្ម,
"Additional fields (address, notes, etc.) can be edited after creating the contact.","វាលបន្ថែម (អាសយដ្ឋាន, កំណត់ចំណាំ។ល។) អាចកែសម្រួលបានបន្ទាប់ពីបង្កើតទំនាក់ទំនង។",
Add,បន្ថែម,
Add people,បន្ថែមមនុស្ស,
Adding…,កំពុងបន្ថែម…,
Add bookmark,បន្ថែមចំណាំ,
All logged-in users,អ្នកប្រើប្រាស់ទាំងអស់ដែលបានចូល,
All logged-in users can view this document,អ្នកប្រើប្រាស់ទាំងអស់ដែលបានចូលអាចមើលឯកសារនេះ,
Add notes...,បន្ថែមកំណត់ចំណាំ...,
All,ទាំងអស់,
A–Z,A–Z,
Blank = org default,ទទេ = លំនាំដើមអង្គភាព,
Bookmark limit reached (12),ដល់កម្រិតចំណាំហើយ (12),
Bookmark limit reached (12). Remove a bookmark to add another.,ដល់កម្រិតចំណាំហើយ (12)។ លុបចំណាំមួយដើម្បីបន្ថែមថ្មី។,
Bookmark this record,ចំណាំកំណត់ត្រានេះ,
App context,បរិបទកម្មវិធី,
App switcher,កម្មវិធីប្តូរ,
Browse all apps →,រកមើលកម្មវិធីទាំងអស់ →,
Install apps →,ដំឡើងកម្មវិធី →,
Cancel,បោះបង់,
Clear recent items history,សម្អាតប្រវត្តិធាតុថ្មីៗ,
Company,ក្រុមហ៊ុន,
Compose email,សរសេរអ៊ីមែល,
contact,ទំនាក់ទំនង,
contacts,ទំនាក់ទំនង,
Could not create contact,មិនអាចបង្កើតទំនាក់ទំនង,
Could not load contact,មិនអាចផ្ទុកទំនាក់ទំនង,
Could not add user. Please try again.,មិនអាចបន្ថែមអ្នកប្រើប្រាស់។ សូមព្យាយាមម្តងទៀត។,
Could not load contacts,មិនអាចផ្ទុកទំនាក់ទំនង,
Could not load shares,មិនអាចផ្ទុកការចែករំលែក,
Create,បង្កើត,
Create & Open,បង្កើត និងបើក,
Create a contact or adjust your filters,បង្កើតទំនាក់ទំនង ឬកែតម្រូវតម្រង,
Creating…,កំពុងបង្កើត…,
History cleared,ប្រវត្តិត្រូវបានសម្អាត,
This will remove all recent items. Continue?,នេះនឹងលុបធាតុថ្មីៗទាំងអស់។ បន្ត?,
Close,បិទ,
Content is temporarily unavailable.,មាតិកាមិនអាចប្រើបានជាបណ្តោះអាសន្ន។,
Copied!,បានចម្លង!,
Copy link,ចម្លងតំណ,
Copy portal URL,ចម្លង URL វិបផតថល,
Dark,ងងឹត,
Date format,ទម្រង់កាលបរិច្ឆេទ,
Default app on login,កម្មវិធីលំនាំដើមពេលចូល,
Discover ecosystem apps,រកឃើញកម្មវិធីប្រព័ន្ធអេកូ,
Delete,លុប,
Displayed in the top bar,បង្ហាញក្នុងរបារខាងលើ,
Dock Settings,ការកំណត់ Dock,
Done,រួចរាល់,
Done editing,កែសម្រួលរួច,
Drag to reorder {0},អូសដើម្បីរៀបចំ {0} ឡើងវិញ,
Edit bookmarks,កែសម្រួលចំណាំ,
e.g. Europe/Berlin,ឧ. Europe/Berlin,
Email,អ៊ីមែល,
Enable bookmarks,បើកចំណាំ,
Everyone,គ្រប់គ្នា,
Enable global timer,បើកកម្មវិធីកំណត់ពេលសកល,
Enable recent items,បើកធាតុថ្មីៗ,
Expired,ផុតកំណត់,
Expires,ផុតកំណត់,
Expires: {0},ផុតកំណត់: {0},
Failed to generate link. Please try again.,បរាជ័យក្នុងការបង្កើតតំណ។ សូមព្យាយាមម្តងទៀត។,
Failed to load sessions.,បរាជ័យក្នុងការផ្ទុកវគ្គ។,
Features,មុខងារ,
Full name,ឈ្មោះពេញ,
Frappe Desk,Frappe Desk,
Generate link,បង្កើតតំណ,
Generating…,កំពុងបង្កើត…,
Guest Portal,វិបផតថលភ្ញៀវ,
in {0},ក្នុង {0},
"Install Orga, Micro, or other apps to see cross-app context for your contacts.","ដំឡើង Orga, Micro ឬកម្មវិធីផ្សេងទៀតដើម្បីមើលបរិបទកម្មវិធីឆ្លងសម្រាប់ទំនាក់ទំនងរបស់អ្នក។",
jane@example.com,jane@example.com,
Jane Smith,Jane Smith,
Job title,មុខតំណែង,
Keep running,បន្តដំណើរការ,
Label,ស្លាក,
Last accessed,បានចូលចុងក្រោយ,
Light,ភ្លឺ,
Limit,កម្រិត,
Link expires in:,តំណផុតកំណត់ក្នុង:,
Loading…,កំពុងផ្ទុក…,
Load more,ផ្ទុកបន្ថែម,
Log out,ចាកចេញ,
Make private,ធ្វើឲ្យឯកជន,
Mark all read,សម្គាល់ទាំងអស់ថាបានអាន,
Mark read,សម្គាល់ថាបានអាន,
Monday,ថ្ងៃច័ន្ទ,
More fields,វាលបន្ថែម,
My contacts,ទំនាក់ទំនងរបស់ខ្ញុំ,
My Account,គណនីរបស់ខ្ញុំ,
My Profile,ប្រវត្តិរូបរបស់ខ្ញុំ,
Never,មិនដែល,
New contact,ទំនាក់ទំនងថ្មី,
No contacts found,រកមិនឃើញទំនាក់ទំនង,
No expiry,គ្មានការផុតកំណត់,
None,គ្មាន,
No guest sessions yet.,មិនទាន់មានវគ្គភ្ញៀវទេ។,
No recent items,គ្មានធាតុថ្មីៗ,
No recent items yet,មិនទាន់មានធាតុថ្មីៗទេ,
No results for "{0}",គ្មានលទ្ធផលសម្រាប់ "{0}",
No results for "{0}" in {1},គ្មានលទ្ធផលសម្រាប់ "{0}" ក្នុង {1},
Notifications,ការជូនដំណឹង,
Notification unavailable,ការជូនដំណឹងមិនអាចប្រើបាន,
Organization Defaults,លំនាំដើមអង្គភាព,
Organization settings updated — reload to apply,ការកំណត់អង្គភាពបានធ្វើបច្ចុប្បន្នភាព — ផ្ទុកឡើងវិញដើម្បីអនុវត្ត,
Org default,លំនាំដើមអង្គភាព,
"Password, 2FA, profile picture","ពាក្យសម្ងាត់, 2FA, រូបភាពប្រវត្តិរូប",
Pause,ផ្អាក,
paused,បានផ្អាក,
People,មនុស្ស,
People with access,មនុស្សដែលមានសិទ្ធិចូល,
Permissions,សិទ្ធិ,
Pinned,បានខ្ទាស់,
Powered by Tonic,ដំណើរការដោយ Tonic,
Phone,ទូរសព្ទ,
Private,ឯកជន,
Product Manager,Product Manager,
Preferences,ចំណង់ចំណូលចិត្ត,
Read,អាន,
Recent,ថ្មីៗ,
Reload,ផ្ទុកឡើងវិញ,
Remove bookmark,លុបចំណាំ,
Remove from shared,លុបពីការចែករំលែក,
Remove from recent,លុបពីថ្មីៗ,
Resume,បន្ត,
Retry,ព្យាយាមម្តងទៀត,
Revoke,ដកហូត,
Revoked,បានដកហូត,
Revoke session,ដកហូតវគ្គ,
Revoking…,កំពុងដកហូត…,
Saved,បានរក្សាទុក,
Save failed,រក្សាទុកបរាជ័យ,
Save organization settings,រក្សាទុកការកំណត់អង្គភាព,
Saving…,កំពុងរក្សាទុក…,
Search...,ស្វែងរក...,
"Search by name, email, or phone…","ស្វែងរកតាមឈ្មោះ, អ៊ីមែល ឬទូរសព្ទ…",
Search users...,ស្វែងរកអ្នកប្រើប្រាស់...,
Share {0} {1},ចែករំលែក {0} {1},
Submit,ដាក់ស្នើ,
Search in All apps,ស្វែងរកក្នុងកម្មវិធីទាំងអស់,
Search unavailable,ស្វែងរកមិនអាចប្រើបាន,
selected,បានជ្រើសរើស,
Share "{0}",ចែករំលែក "{0}",
Share with team,ចែករំលែកជាមួយក្រុម,
Shared,បានចែករំលែក,
Shared with team,បានចែករំលែកជាមួយក្រុម,
Share with client,ចែករំលែកជាមួយអតិថិជន,
Showing {0} of {1} sessions,បង្ហាញ {0} នៃ {1} វគ្គ,
Site label,ស្លាកគេហទំព័រ,
Sort: A–Z — click for last modified,តម្រៀប: A–Z — ចុចសម្រាប់កែសម្រួលចុងក្រោយ,
Sort: last modified — click for A–Z,តម្រៀប: កែសម្រួលចុងក្រោយ — ចុចសម្រាប់ A–Z,
Start,ចាប់ផ្តើម,
Start Timer,ចាប់ផ្តើមកម្មវិធីកំណត់ពេល,
Status,ស្ថានភាព,
Stop,ឈប់,
Stop & Save,ឈប់ និងរក្សាទុក,
Sunday,ថ្ងៃអាទិត្យ,
System,ប្រព័ន្ធ,
Theme,រចនាប័ទ្ម,
Theme preference,ចំណង់ចំណូលចិត្តរចនាប័ទ្ម,
This email is already on,អ៊ីមែលនេះមានរួចហើយ,
This link has been deactivated.,តំណនេះត្រូវបានបិទដំណើរការ។,
This link has expired. Please ask the sender for a new link.,តំណនេះបានផុតកំណត់។ សូមសួរអ្នកផ្ញើសម្រាប់តំណថ្មី។,
This link is invalid or has been removed.,តំណនេះមិនត្រឹមត្រូវ ឬត្រូវបានលុប។,
Time,ពេលវេលា,
Time entry saved,បានរក្សាទុកកំណត់ត្រាពេលវេលា,
Timer unavailable,កម្មវិធីកំណត់ពេលមិនអាចប្រើបាន,
Timezone,តំបន់ពេលវេលា,
total,សរុប,
Try again,ព្យាយាមម្តងទៀត,
Unread,មិនទាន់អាន,
Open calendar,បើកប្រតិទិន,
Open in Desk,បើកក្នុង Desk,
Open in {0},បើកក្នុង {0},
User menu,ម៉ឺនុយអ្នកប្រើប្រាស់,
View existing →,មើលដែលមាន →,
Visibility,ភាពមើលឃើញ,
View,មើល,
View all notifications,មើលការជូនដំណឹងទាំងអស់,
View time entry,មើលកំណត់ត្រាពេលវេលា,
Week starts on,សប្តាហ៍ចាប់ផ្តើមនៅ,
Write,សរសេរ,
What are you working on?,អ្នកកំពុងធ្វើអ្វី?,
You're all caught up,អ្នកបានទទួលទាំងអស់ហើយ,
Your Preferences,ចំណង់ចំណូលចិត្តរបស់អ្នក,
Your timer has been running for {0},កម្មវិធីកំណត់ពេលរបស់អ្នកបានដំណើរការរយៈពេល {0},
Actions,សកម្មភាព,
Add details about this event...,បន្ថែមព័ត៌មានលម្អិតអំពីព្រឹត្តិការណ៍នេះ...,
Add event,បន្ថែមព្រឹត្តិការណ៍,
Agenda,របៀបវារៈ,
All day,ពេញមួយថ្ងៃ,
Calendar,ប្រតិទិន,
Create Event,បង្កើតព្រឹត្តិការណ៍,
Create in:,បង្កើតក្នុង:,
Day,ថ្ងៃ,
Deadline,កាលកំណត់,
Delete Event,លុបព្រឹត្តិការណ៍,
Delete this event? This cannot be undone.,លុបព្រឹត្តិការណ៍នេះ? វាមិនអាចត្រឡប់វិញបានទេ។,
Deleting…,កំពុងលុប…,
Description,ការពិពណ៌នា,
Details,ព័ត៌មានលម្អិត,
End,បញ្ចប់,
Event,ព្រឹត្តិការណ៍,
Event title,ចំណងជើងព្រឹត្តិការណ៍,
Failed to create event,បរាជ័យក្នុងការបង្កើតព្រឹត្តិការណ៍,
Failed to delete event,បរាជ័យក្នុងការលុបព្រឹត្តិការណ៍,
Manage this event in,គ្រប់គ្រងព្រឹត្តិការណ៍នេះក្នុង,
Meeting,ការប្រជុំ,
Milestone,ព្រឹត្តិការណ៍សំខាន់,
Month,ខែ,
My calendars,ប្រតិទិនរបស់ខ្ញុំ,
New Event,ព្រឹត្តិការណ៍ថ្មី,
No actions available,គ្មានសកម្មភាពអាចប្រើបាន,
No events,គ្មានព្រឹត្តិការណ៍,
Open in,បើកក្នុង,
Other,ផ្សេងទៀត,
Permanently remove this event,លុបព្រឹត្តិការណ៍នេះជាអចិន្ត្រៃយ៍,
Review,ពិនិត្យ,
Source,ប្រភព,
Start date/time is required,កាលបរិច្ឆេទ/ពេលវេលាចាប់ផ្តើមត្រូវបានទាមទារ,
Title,ចំណងជើង,
Title is required,ចំណងជើងត្រូវបានទាមទារ,
Today,ថ្ងៃនេះ,
Type,ប្រភេទ,
View full details in the source app,មើលព័ត៌មានលម្អិតពេញក្នុងកម្មវិធីប្រភព,
Week,សប្តាហ៍,
When,ពេលណា,
{0} available,{0} អាចប្រើបាន,
Available,អាចប្រើបាន,
Configure Frappe Manager to enable one-click updates.,កំណត់រចនាសម្ព័ន្ធ Frappe Manager ដើម្បីបើកការធ្វើបច្ចុប្បន្នភាពដោយចុចម្តង។,
Copy command,ចម្លងពាក្យបញ្ជា,
Ecosystem Apps,កម្មវិធីប្រព័ន្ធអេកូ,
Failed,បរាជ័យ,
Install,ដំឡើង,
Installed,បានដំឡើង,
Learn more,ស្វែងយល់បន្ថែម,
No apps found,រកមិនឃើញកម្មវិធី,
not installed,មិនបានដំឡើង,
Open,បើក,
Pro available,Pro អាចប្រើបាន,
Queued…,កំពុងរង់ចាំ…,
Refresh,ធ្វើឲ្យស្រស់,
Remove,លុប,
Remove {0}? This will uninstall the app and may affect data.,លុប {0}? នេះនឹងលុបកម្មវិធី ហើយអាចប៉ះពាល់ទិន្នន័យ។,
Restart required,ត្រូវការចាប់ផ្តើមឡើងវិញ,
Restarting…,កំពុងចាប់ផ្តើមឡើងវិញ…,
"To install {0}, run:","ដើម្បីដំឡើង {0}, ដំណើរការ:",
"To update {0}, run:","ដើម្បីធ្វើបច្ចុប្បន្នភាព {0}, ដំណើរការ:",
Update {0} from v{1} to {2}? This will restart Frappe.,ធ្វើបច្ចុប្បន្នភាព {0} ពី v{1} ទៅ {2}? នេះនឹងចាប់ផ្តើម Frappe ឡើងវិញ។,
Update to {0},ធ្វើបច្ចុប្បន្នភាពទៅ {0},
Updated,បានធ្វើបច្ចុប្បន្នភាព,
Updating…,កំពុងធ្វើបច្ចុប្បន្នភាព…,
Up to date,ទាន់សម័យ,
to version,ទៅកំណែ,
For whom?,សម្រាប់អ្នកណា?,
Working on?,កំពុងធ្វើអ្វី?,
Search contacts...,ស្វែងរកទំនាក់ទំនង...,
Select type...,ជ្រើសរើសប្រភេទ...,
Context,បរិបទ,
Contact,ទំនាក់ទំនង,
Context Type,ប្រភេទបរិបទ,
Activity,សកម្មភាព,
Activity will appear here as you and your team work across ecosystem apps.,សកម្មភាពនឹងបង្ហាញនៅទីនេះពេលអ្នក និងក្រុមរបស់អ្នកធ្វើការកាត់កម្មវិធីប្រព័ន្ធអេកូ។,
Acknowledge,ទទួលស្គាល់,
All apps,កម្មវិធីទាំងអស់,
All Discussions,ការពិភាក្សាទាំងអស់,
All types,ប្រភេទទាំងអស់,
Archived,បានរក្សាទុកក្នុងប័ណ្ណសារ,
Cancel,បោះបង់,
Celebrate,អបអរសាទរ,
Comments,មតិយោបល់,
Create Discussion,បង្កើតការពិភាក្សា,
Creating…,កំពុងបង្កើត…,
Ctrl+Enter to send,Ctrl+Enter ដើម្បីផ្ញើ,
Decision,ការសម្រេចចិត្ត,
Discussion not found,រកមិនឃើញការពិភាក្សា,
Discussion title,ចំណងជើងការពិភាក្សា,
Discussions,ការពិភាក្សា,
Flag,ទង់,
General,ទូទៅ,
just now,ឥឡូវនេះ,
Keep commenting,បន្តមតិយោបល់,
Linked Records,កំណត់ត្រាដែលភ្ជាប់,
Linked to,ភ្ជាប់ទៅ,
Load more,ផ្ទុកបន្ថែម,
Loading…,កំពុងផ្ទុក…,
Meeting Protocol,កិច្ចពិភាក្សាពិធីការ,
Mentioned,បានលើកឡើង,
New Discussion,ការពិភាក្សាថ្មី,
No activity yet,មិនទាន់មានសកម្មភាពទេ,
No comments yet,មិនទាន់មានមតិយោបល់ទេ,
No discussions found,រកមិនឃើញការពិភាក្សា,
No discussions yet,មិនទាន់មានការពិភាក្សាទេ,
Note,កំណត់ចំណាំ,
Notes,កំណត់ចំណាំ,
Participants,អ្នកចូលរួម,
Pin,ខ្ទាស់,
Pinned,បានខ្ទាស់,
Proposal,សំណើ,
Protocol,ពិធីការ,
Reopen,បើកឡើងវិញ,
Replies,ការឆ្លើយតប,
Reply,ឆ្លើយតប,
Replying to comment,កំពុងឆ្លើយតបមតិយោបល់,
Resolve,ដោះស្រាយ,
Resolve Discussion,ដោះស្រាយការពិភាក្សា,
Resolved,បានដោះស្រាយ,
Resolution,ដំណោះស្រាយ,
Resolution summary...,សង្ខេបដំណោះស្រាយ...,
Retrospective,ពិនិត្យឡើងវិញ,
Search discussions...,ស្វែងរកការពិភាក្សា...,
Seen,បានឃើញ,
Send,ផ្ញើ,
Start Discussion,ចាប់ផ្តើមការពិភាក្សា,
Unpin,ដកខ្ទាស់,
Write a comment...,សរសេរមតិយោបល់...,
Write your discussion content...,សរសេរមាតិកាការពិភាក្សារបស់អ្នក...,
resolved,បានដោះស្រាយ,
unread,មិនទាន់អាន,
{0} mentioned you in a comment,{0} បានលើកឡើងអ្នកក្នុងមតិយោបល់,
{0} is already an attendee.,{0} គឺជាអ្នកចូលរួមរួចហើយ។,
{0} is not an attendee.,{0} មិនមែនជាអ្នកចូលរួមទេ។,
{0} is not installed,{0} មិនបានដំឡើង,
{0} results found,{0} លទ្ធផលត្រូវបានរកឃើញ,
+ Add tags,+ បន្ថែមស្លាក,
A→Z,A→Z,
Accept,ទទួលយក,
Action failed,សកម្មភាពបរាជ័យ,
Active now,សកម្មឥឡូវ,
Add a note,បន្ថែមកំណត់ចំណាំ,
"Add a note to keep track of details about this contact.","បន្ថែមកំណត់ចំណាំដើម្បីតាមដានព័ត៌មានលម្អិតអំពីទំនាក់ទំនងនេះ។",
Add address,បន្ថែមអាសយដ្ឋាន,
Add another address,បន្ថែមអាសយដ្ឋានផ្សេងទៀត,
Add birthday,បន្ថែមថ្ងៃកំណើត,
Add company,បន្ថែមក្រុមហ៊ុន,
Add job title,បន្ថែមមុខតំណែង,
Add more tags...,បន្ថែមស្លាកបន្ថែម...,
Add tags...,បន្ថែមស្លាក...,
"Address is not linked to this contact","អាសយដ្ឋានមិនបានភ្ជាប់ទៅទំនាក់ទំនងនេះ",
"Address line 1, city, and country are required","អាសយដ្ឋានបន្ទាត់ 1, ទីក្រុង និងប្រទេសត្រូវបានទាមទារ",
ago,មុន,
All companies,ក្រុមហ៊ុនទាំងអស់,
All day event,ព្រឹត្តិការណ៍ពេញមួយថ្ងៃ,
"Apartment, suite, etc.","ផ្ទះល្វែង, បន្ទប់។ល។",
Apps,កម្មវិធី,
Archive contact,រក្សាទុកទំនាក់ទំនងក្នុងប័ណ្ណសារ,
Attendees,អ្នកចូលរួម,
available,អាចប្រើបាន,
Best regards,រីករាយ,
Bookmarks,ចំណាំ,
"Both proposed start and end times are required.","ពេលវេលាចាប់ផ្តើម និងបញ្ចប់ដែលបានស្នើទាំងពីរត្រូវបានទាមទារ។",
Break,សម្រាក,
Bridge not registered,Bridge មិនបានចុះឈ្មោះ,
Calendar Settings,ការកំណត់ប្រតិទិន,
Call,ហៅ,
Cannot change bookmark owner,មិនអាចផ្លាស់ប្តូរម្ចាស់ចំណាំ,
Cannot revoke your current session,មិនអាចដកហូតវគ្គបច្ចុប្បន្នរបស់អ្នក,
Change Password,ប្តូរពាក្យសម្ងាត់,
Change photo,ប្តូររូបថត,
Check Status,ពិនិត្យស្ថានភាព,
City,ទីក្រុង,
Clear,សម្អាត,
Clear filters,សម្អាតតម្រង,
Close search,បិទការស្វែងរក,
Cmd+Enter to save,Cmd+Enter ដើម្បីរក្សាទុក,
Coming soon,មកដល់ឆាប់ៗ,
Coming up!,មកដល់ឆាប់!,
Comment,មតិយោបល់,
Community Edition,កំណែសហគមន៍,
Complete,បញ្ចប់,
Confirm new password,បញ្ជាក់ពាក្យសម្ងាត់ថ្មី,
Copy,ចម្លង,
Could not load notes,មិនអាចផ្ទុកកំណត់ចំណាំ,
Country,ប្រទេស,
"Country '{0}' not found. Please select a valid country.","រកមិនឃើញប្រទេស '{0}'។ សូមជ្រើសរើសប្រទេសដែលត្រឹមត្រូវ។",
Create a contact to get started,បង្កើតទំនាក់ទំនងដើម្បីចាប់ផ្តើម,
Created event: {0},បានបង្កើតព្រឹត្តិការណ៍: {0},
Creating...,កំពុងបង្កើត...,
Current,បច្ចុប្បន្ន,
Current password,ពាក្យសម្ងាត់បច្ចុប្បន្ន,
Current password is incorrect,ពាក្យសម្ងាត់បច្ចុប្បន្នមិនត្រឹមត្រូវ,
Currency,រូបិយប័ណ្ណ,
Date,កាលបរិច្ឆេទ,
Decline,បដិសេធ,
Department,នាយកដ្ឋាន,
Do Not Contact,កុំទំនាក់ទំនង,
Dock,Dock,
Download,ទាញយក,
"e.g. en, fr, de","ឧ. en, fr, de",
Edit,កែសម្រួល,
Edit address,កែសម្រួលអាសយដ្ឋាន,
Edit Timer,កែសម្រួលកម្មវិធីកំណត់ពេល,
Email addresses,អាសយដ្ឋានអ៊ីមែល,
Enabled,បានបើក,
"End time was before start time. Adjusted to 1 hour after start.","ពេលវេលាបញ្ចប់មុនពេលវេលាចាប់ផ្តើម។ បានកែតម្រូវទៅ 1 ម៉ោងបន្ទាប់ពីចាប់ផ្តើម។",
Error,កំហុស,
Event '{0}' status changed to {1},ស្ថានភាពព្រឹត្តិការណ៍ '{0}' បានប្តូរទៅ {1},
Event Type,ប្រភេទព្រឹត្តិការណ៍,
events,ព្រឹត្តិការណ៍,
External,ខាងក្រៅ,
External — no user account,ខាងក្រៅ — គ្មានគណនីអ្នកប្រើប្រាស់,
Failed to change password,បរាជ័យក្នុងការប្តូរពាក្យសម្ងាត់,
Failed to check status,បរាជ័យក្នុងការពិនិត្យស្ថានភាព,
Failed to load apps,បរាជ័យក្នុងការផ្ទុកកម្មវិធី,
Failed to load settings,បរាជ័យក្នុងការផ្ទុកការកំណត់,
"Field '{0}' is not editable","វាល '{0}' មិនអាចកែសម្រួលបាន",
Files,ឯកសារ,
First Name,នាមខ្លួន,
Focus,ផ្តោត,
"Frappe Manager URL is not configured in Dock Settings.","URL Frappe Manager មិនបានកំណត់ក្នុងការកំណត់ Dock។",
Hello {0},សួស្តី {0},
Inactive,អសកម្ម,
Integrations,ការរួមបញ្ចូល,
Internal,ខាងក្នុង,
Internal — has a user account,ខាងក្នុង — មានគណនីអ្នកប្រើប្រាស់,
Invalid RSVP status,ស្ថានភាព RSVP មិនត្រឹមត្រូវ,
Invalid status,ស្ថានភាពមិនត្រឹមត្រូវ,
"Invalid status. Must be one of: {0}","ស្ថានភាពមិនត្រឹមត្រូវ។ ត្រូវតែជាមួយក្នុង: {0}",
"Invitation: {0} — {1} at {2}","ការអញ្ជើញ: {0} — {1} នៅ {2}",
Invite People,អញ្ជើញមនុស្ស,
Join meeting →,ចូលរួមប្រជុំ →,
Language,ភាសា,
Last activity,សកម្មភាពចុងក្រោយ,
Last modified,កែសម្រួលចុងក្រោយ,
Last Name,នាមត្រកូល,
Last sync,ធ្វើសមកាលកម្មចុងក្រោយ,
Link user account,ភ្ជាប់គណនីអ្នកប្រើប្រាស់,
Linked records,កំណត់ត្រាដែលភ្ជាប់,
Loading settings...,កំពុងផ្ទុកការកំណត់...,
Loading...,កំពុងផ្ទុក...,
Location,ទីតាំង,
Mark Do Not Contact,សម្គាល់កុំទំនាក់ទំនង,
Maybe,ប្រហែល,
Meeting Link,តំណប្រជុំ,
Meeting title,ចំណងជើងប្រជុំ,
Meeting URL,URL ប្រជុំ,
Mine,របស់ខ្ញុំ,
Modified,បានកែសម្រួល,
navigate,រុករក,
New note,កំណត់ចំណាំថ្មី,
New password,ពាក្យសម្ងាត់ថ្មី,
new tab,ផ្ទាំងថ្មី,
New tag,ស្លាកថ្មី,
No active sessions found,រកមិនឃើញវគ្គសកម្ម,
No activity,គ្មានសកម្មភាព,
No attendees,គ្មានអ្នកចូលរួម,
No bookmarks yet,មិនទាន់មានចំណាំទេ,
No bridges registered,គ្មាន Bridge បានចុះឈ្មោះ,
No contacts match these filters,គ្មានទំនាក់ទំនងផ្គូផ្គងតម្រងទាំងនេះ,
No file uploaded,គ្មានឯកសារបានផ្ទុកឡើង,
No files attached,គ្មានឯកសារភ្ជាប់,
No notes yet,មិនទាន់មានកំណត់ចំណាំទេ,
No results found,រកមិនឃើញលទ្ធផល,
No settings registered for this app.,គ្មានការកំណត់បានចុះឈ្មោះសម្រាប់កម្មវិធីនេះ។,
No status endpoint declared,គ្មាន endpoint ស្ថានភាពបានប្រកាស,
No sync endpoint declared,គ្មាន endpoint សមកាលកម្មបានប្រកាស,
No tags found,រកមិនឃើញស្លាក,
Not checked,មិនបានពិនិត្យ,
Not configured,មិនបានកំណត់រចនាសម្ព័ន្ធ,
Not permitted,គ្មានសិទ្ធិ,
Note content cannot be empty,មាតិកាកំណត់ចំណាំមិនអាចទទេ,
Notification Settings,ការកំណត់ការជូនដំណឹង,
Number format,ទម្រង់លេខ,
One-way,ទិសដៅតែមួយ,
"Only native Dock events can be deleted here.","មានតែព្រឹត្តិការណ៍ Dock ដើមប៉ុណ្ណោះដែលអាចលុបនៅទីនេះ។",
"Only System Manager can trigger bridge sync","មានតែអ្នកគ្រប់គ្រងប្រព័ន្ធប៉ុណ្ណោះដែលអាចចាប់ផ្តើមការសមកាលកម្ម Bridge",
"Only System Manager can view sync logs","មានតែអ្នកគ្រប់គ្រងប្រព័ន្ធប៉ុណ្ណោះដែលអាចមើល log សមកាលកម្ម",
"Only the contact owner can change the photo","មានតែម្ចាស់ទំនាក់ទំនងប៉ុណ្ណោះដែលអាចប្តូររូបថត",
"Only the contact owner can edit this contact","មានតែម្ចាស់ទំនាក់ទំនងប៉ុណ្ណោះដែលអាចកែសម្រួលទំនាក់ទំនងនេះ",
"Only the event organizer can send invitations.","មានតែអ្នករៀបចំព្រឹត្តិការណ៍ប៉ុណ្ណោះដែលអាចផ្ញើការអញ្ជើញ។",
"Only the session creator or a Dock Manager can revoke sessions","មានតែអ្នកបង្កើតវគ្គ ឬអ្នកគ្រប់គ្រង Dock ប៉ុណ្ណោះដែលអាចដកហូតវគ្គ",
open,បើក,
Open app switcher,បើកកម្មវិធីប្តូរ,
Optional,ស្រេចចិត្ត,
optional,ស្រេចចិត្ត,
Organizer,អ្នករៀបចំ,
Owner,ម្ចាស់,
Password updated,បានធ្វើបច្ចុប្បន្នភាពពាក្យសម្ងាត់,
Passwords don't match,ពាក្យសម្ងាត់មិនផ្គូផ្គង,
Permission denied,សិទ្ធិត្រូវបានបដិសេធ,
Phone numbers,លេខទូរសព្ទ,
Pin items from any app using the bookmark button in the top bar,ខ្ទាស់ធាតុពីកម្មវិធីណាមួយដោយប្រើប៊ូតុងចំណាំក្នុងរបារខាងលើ,
Please fill in all password fields,សូមបំពេញវាលពាក្យសម្ងាត់ទាំងអស់,
Please log in to access Dock.,សូមចូលគណនីដើម្បីចូលប្រើ Dock។,
"Please respond to this invitation in the calendar","សូមឆ្លើយតបការអញ្ជើញនេះក្នុងប្រតិទិន",
Postal code,លេខកូដប្រៃសណីយ៍,
Primary,ចម្បង,
Primary address,អាសយដ្ឋានចម្បង,
Privacy Policy,គោលការណ៍ភាពឯកជន,
Profile,ប្រវត្តិរូប,
Refresh All,ធ្វើឲ្យស្រស់ទាំងអស់,
"Reminder: {0} — {1} at {2}","ការរំលឹក: {0} — {1} នៅ {2}",
Remove Do Not Contact,លុបកុំទំនាក់ទំនង,
Remove tag,លុបស្លាក,
Required,ត្រូវបានទាមទារ,
required,ត្រូវបានទាមទារ,
Respond in,ឆ្លើយតបក្នុង,
Restore,ស្តារ,
Restore from archive,ស្តារពីប័ណ្ណសារ,
Revoking...,កំពុងដកហូត...,
Room or address,បន្ទប់ ឬអាសយដ្ឋាន,
Save,រក្សាទុក,
Saving...,កំពុងរក្សាទុក...,
Search,ស្វែងរក,
Search for people to invite...,ស្វែងរកមនុស្សដើម្បីអញ្ជើញ...,
Search is temporarily unavailable,ការស្វែងរកមិនអាចប្រើបានជាបណ្តោះអាសន្ន,
Search results,លទ្ធផលស្វែងរក,
Search scope,វិសាលភាពស្វែងរក,
Search user by name or email…,ស្វែងរកអ្នកប្រើប្រាស់តាមឈ្មោះ ឬអ៊ីមែល…,
Searching...,កំពុងស្វែងរក...,
Security,សុវត្ថិភាព,
"Send an email or add a note to get started.","ផ្ញើអ៊ីមែល ឬបន្ថែមកំណត់ចំណាំដើម្បីចាប់ផ្តើម។",
Session {0}/{1},វគ្គ {0}/{1},
Sessions,វគ្គ,
Settings,ការកំណត់,
Settings not found,រកមិនឃើញការកំណត់,
Share,ចែករំលែក,
Show,បង្ហាញ,
Show less,បង្ហាញតិច,
Social profiles,ប្រវត្តិរូបសង្គម,
"Sourced events can only be edited in the source app.","ព្រឹត្តិការណ៍ដែលមានប្រភពអាចកែសម្រួលបានតែក្នុងកម្មវិធីប្រភពប៉ុណ្ណោះ។",
Source Code,កូដប្រភព,
Start Focus,ចាប់ផ្តើមផ្តោត,
State / Province,រដ្ឋ / ខេត្ត,
"Street, number","ផ្លូវ, លេខ",
Sync Now,សមកាលកម្មឥឡូវ,
Tag,ស្លាក,
Tag cannot be empty,ស្លាកមិនអាចទទេ,
Tags,ស្លាក,
Target not installed,គោលដៅមិនបានដំឡើង,
Task,កិច្ចការ,
"The settings component could not be loaded. Please reload the page.","សមាសភាគការកំណត់មិនអាចផ្ទុកបាន។ សូមផ្ទុកទំព័រឡើងវិញ។",
"This contact is archived and hidden from the People list.","ទំនាក់ទំនងនេះត្រូវបានរក្សាទុកក្នុងប័ណ្ណសារ និងលាក់ពីបញ្ជីមនុស្ស។",
This is a reminder for your upcoming event,នេះជាការរំលឹកសម្រាប់ព្រឹត្តិការណ៍នាពេលខាងមុខរបស់អ្នក,
This person is marked as Do Not Contact.,បុគ្គលនេះត្រូវបានសម្គាល់ថាកុំទំនាក់ទំនង។,
"This record is already linked to this discussion","កំណត់ត្រានេះត្រូវបានភ្ជាប់ទៅការពិភាក្សានេះរួចហើយ",
Timer,កម្មវិធីកំណត់ពេល,
Timer running for {0} — did you forget?,កម្មវិធីកំណត់ពេលកំពុងដំណើរការរយៈពេល {0} — អ្នកភ្លេចមែនទេ?,
"To remove {0}, run:","ដើម្បីលុប {0}, ដំណើរការ:",
Try a different search term,ព្យាយាមពាក្យស្វែងរកផ្សេង,
Two-Factor Authentication,ការផ្ទៀងផ្ទាត់ពីរកត្តា,
"Two-factor authentication is not enabled on this site. Contact your administrator.","ការផ្ទៀងផ្ទាត់ពីរកត្តាមិនបានបើកនៅគេហទំព័រនេះ។ ទាក់ទងអ្នកគ្រប់គ្រងរបស់អ្នក។",
Two-way,ទិសដៅពីរ,
Type at least 2 characters to search,វាយបញ្ចូលយ៉ាងហោចណាស់ 2 តួអក្សរដើម្បីស្វែងរក,
Type to search...,វាយបញ្ចូលដើម្បីស្វែងរក...,
"Unknown notification_type '{0}' for app '{1}'","notification_type '{0}' មិនស្គាល់សម្រាប់កម្មវិធី '{1}'",
Unknown device,ឧបករណ៍មិនស្គាល់,
Unlink user — make external,ផ្តាច់អ្នកប្រើប្រាស់ — ធ្វើឲ្យខាងក្រៅ,
unsynced,មិនបានសមកាលកម្ម,
Update,ធ្វើបច្ចុប្បន្នភាព,
Update password,ធ្វើបច្ចុប្បន្នភាពពាក្យសម្ងាត់,
Updating...,កំពុងធ្វើបច្ចុប្បន្នភាព...,
Upload file,ផ្ទុកឯកសារឡើង,
"Upload files like contracts, proposals, or documents.","ផ្ទុកឯកសារដូចជាកិច្ចសន្យា, សំណើ ឬឯកសារ។",
Upload photo,ផ្ទុករូបថតឡើង,
Uploading...,កំពុងផ្ទុកឡើង...,
Uploading…,កំពុងផ្ទុកឡើង…,
View entry,មើលកំណត់ត្រា,
Website,គេហទំព័រ,
Where,នៅឯណា,
Work,ការងារ,
Write a note...,សរសេរកំណត់ចំណាំ...,
Write a note... (not linked to any record),សរសេរកំណត់ចំណាំ... (មិនបានភ្ជាប់ទៅកំណត់ត្រាណាមួយ),
You,អ្នក,
You are not an attendee of this event.,អ្នកមិនមែនជាអ្នកចូលរួមព្រឹត្តិការណ៍នេះ។,
"You can have a maximum of {0} bookmarks","អ្នកអាចមានចំណាំអតិបរមា {0}",
You can only change status of your own events.,អ្នកអាចផ្លាស់ប្តូរស្ថានភាពព្រឹត្តិការណ៍ផ្ទាល់ខ្លួនរបស់អ្នកប៉ុណ្ណោះ។,
You can only delete your own comments,អ្នកអាចលុបមតិយោបល់ផ្ទាល់ខ្លួនរបស់អ្នកប៉ុណ្ណោះ,
You can only delete your own events.,អ្នកអាចលុបព្រឹត្តិការណ៍ផ្ទាល់ខ្លួនរបស់អ្នកប៉ុណ្ណោះ។,
You can only edit your own events.,អ្នកអាចកែសម្រួលព្រឹត្តិការណ៍ផ្ទាល់ខ្លួនរបស់អ្នកប៉ុណ្ណោះ។,
You can only edit your own notes,អ្នកអាចកែសម្រួលកំណត់ចំណាំផ្ទាល់ខ្លួនរបស់អ្នកប៉ុណ្ណោះ,
"You can only manage attendees on your own events.","អ្នកអាចគ្រប់គ្រងអ្នកចូលរួមលើព្រឹត្តិការណ៍ផ្ទាល់ខ្លួនរបស់អ្នកប៉ុណ្ណោះ។",
You can only view your own events.,អ្នកអាចមើលព្រឹត្តិការណ៍ផ្ទាល់ខ្លួនរបស់អ្នកប៉ុណ្ណោះ។,
"You do not have permission to comment on this record","អ្នកមិនមានសិទ្ធិមតិយោបល់លើកំណត់ត្រានេះ",
You have already reacted with {0},អ្នកបានប្រតិកម្មជាមួយ {0} រួចហើយ,
You have been invited to the following event,អ្នកត្រូវបានអញ្ជើញទៅព្រឹត្តិការណ៍ខាងក្រោម,
Your attendance,ការចូលរួមរបស់អ្នក,
Your response,ការឆ្លើយតបរបស់អ្នក,
Z→A,Z→A,
Rescheduled event: {0},បានផ្លាស់ប្តូរកាលវិភាគព្រឹត្តិការណ៍: {0},
